2,2022-09-21,3,1.07,NULL,0,A,A,A,B,NULL,A
3,2022-09-21,1,1.07,NULL,0,B,B,B,C,NULL,E
4,2022-09-21,5,1.07,NULL,0,B,C,A,A,NULL,B
6,2022-09-21,9,1.05,NULL,0,A,B,A,A,NULL,B
7,2022-09-21,10,1.05,NULL,0,B,C,A,C,NULL,C
8,2022-09-21,7,1.05,NULL,0,A,B,A,B,NULL,B
9,2022-09-21,8,1.05,NULL,0,A,A,A,A,NULL,A
10,2022-09-22,14,5.03,NULL,0,C,C,B,C,NULL,B
11,2022-09-22,13,5.03,NULL,0,A,B,B,A,NULL,A
12,2022-09-22,15,5.03,NULL,0,A,A,B,A,NULL,A
13,2022-09-22,11,5.03,NULL,0,A,A,C,A,NULL,A
14,2022-09-22,12,5.03,NULL,0,B,B,B,B,NULL,C
15,2022-09-22,16,5.03,NULL,0,B,C,B,C,NULL,A
16,2022-09-22,18,6.05,NULL,0,B,C,A,NULL,NULL,B
17,2022-09-22,20,6.05,NULL,0,E,E,A,NULL,NULL,E
18,2022-09-22,43,6.05,NULL,0,B,B,A,NULL,NULL,A
19,2022-09-22,17,6.05,NULL,0,B,C,A,NULL,NULL,C
20,2022-09-22,21,6.05,NULL,1,A,A,B,NULL,NULL,A
21,2022-09-23,1,1.08,NULL,NULL,A,B,A,A,NULL,E
22,2022-09-23,3,1.08,NULL,NULL,A,A,A,B,NULL,A
23,2022-09-23,5,1.08,NULL,NULL,A,C,A,C,NULL,A
24,2022-09-23,2,1.08,NULL,NULL,A,C,A,A,NULL,B
25,2022-09-23,24,3.06,NULL,1,A,A,A,A,NULL,NULL
26,2022-09-23,25,3.06,NULL,0,D,D,E,C,NULL,NULL
27,2022-09-23,27,3.06,NULL,0,A,A,A,A,NULL,NULL
28,2022-09-23,22,3.06,NULL,1,B,B,A,C,NULL,NULL
30,2022-09-23,26,3.06,NULL,0,A,A,A,A,NULL,NULL
31,2022-09-24,30,6.00,7.00,1,B,B,A,A,NULL,B
32,2022-09-24,29,6.00,7.00,1,A,B,A,A,NULL,A
33,2022-09-24,32,6.00,7.00,0,C,C,B,B,NULL,D
34,2022-09-24,28,6.00,7.00,1,A,A,B,A,NULL,A
35,2022-09-24,33,2.03,2.04,0,B,C,D,B,NULL,E
36,2022-09-24,35,2.03,2.04,0,D,D,A,D,NULL,E
37,2022-09-24,34,2.03,2.04,0,B,A,C,B,NULL,C
38,2022-09-24,44,2.03,2.04,0,D,E,C,E,NULL,E
39,2022-09-24,36,2.03,2.04,0,B,A,A,A,NULL,C
40,2022-09-24,37,2.03,2.04,0,C,C,B,C,NULL,E
42,2022-09-24,41,5.01,5.02,0,B,C,D,C,C,NULL
43,2022-09-24,42,5.01,5.02,0,A,B,B,B,B,NULL
44,2022-09-24,45,5.01,5.02,0,D,D,B,E,E,NULL
45,2022-09-25,16,5.05,NULL,NULL,B,B,B,A,C,E
46,2022-09-25,13,5.05,NULL,NULL,A,A,A,A,A,A
47,2022-09-25,14,5.05,NULL,NULL,C,B,A,B,C,A
48,2022-09-25,15,5.05,NULL,NULL,A,A,A,A,A,A
49,2022-09-25,12,5.05,NULL,NULL,B,B,B,B,C,C
50,2022-09-25,11,5.05,NULL,NULL,A,A,B,A,A,A
51,2022-09-25,7,1.06,NULL,NULL,A,B,A,A,D,E
53,2022-09-25,8,1.06,NULL,NULL,A,A,A,A,A,B
54,2022-09-25,10,1.06,NULL,NULL,B,B,A,C,C,E
55,2022-09-28,3,1.00,NULL,NULL,A,A,A,A,A,A
57,2022-09-28,1,1.00,NULL,NULL,B,A,A,A,C,E
58,2022-09-28,2,1.00,NULL,NULL,B,A,A,A,A,C
59,2022-09-28,8,1.07,NULL,NULL,A,A,A,B,NULL,A
61,2022-09-28,10,1.07,NULL,NULL,B,B,A,C,NULL,E
62,2022-09-28,7,1.07,NULL,NULL,A,A,A,B,NULL,B
63,2022-09-29,15,5.05,NULL,NULL,A,A,A,A,B,A
64,2022-09-29,13,5.05,NULL,NULL,A,A,A,A,C,B
65,2022-09-29,12,5.05,NULL,NULL,B,B,A,C,D,C
66,2022-09-29,16,5.05,NULL,NULL,A,A,A,B,D,A
67,2022-09-29,11,5.05,NULL,NULL,A,A,A,A,B,B
68,2022-09-29,14,5.05,NULL,NULL,B,B,A,C,C,B
69,2022-09-29,21,6.06,NULL,1,A,A,B,NULL,A,C
70,2022-09-29,43,6.06,NULL,1,A,A,A,NULL,B,D
72,2022-09-29,18,6.06,NULL,1,B,B,A,NULL,B,D
73,2022-09-29,20,6.06,NULL,0,C,D,D,NULL,D,D
74,2022-09-29,17,6.06,NULL,0,B,B,A,NULL,B,B
75,2022-09-30,2,2.01,NULL,NULL,A,C,A,A,NULL,C
76,2022-09-30,3,2.01,NULL,NULL,A,A,A,A,NULL,A
77,2022-09-30,1,2.01,NULL,NULL,A,B,A,A,NULL,A
78,2022-09-30,5,2.01,NULL,NULL,A,B,A,A,NULL,A
79,2022-09-30,25,3.07,NULL,1,C,C,A,D,B,NULL
80,2022-09-30,22,3.07,NULL,1,B,B,A,C,A,NULL
81,2022-09-30,27,3.07,NULL,1,A,A,A,B,A,NULL
82,2022-09-30,26,3.07,NULL,1,A,A,A,A,A,NULL
83,2022-09-30,24,3.07,NULL,1,A,A,A,C,A,NULL
84,2022-10-06,28,8.00,9.00,1,A,B,C,B,NULL,E
85,2022-10-06,30,8.00,9.00,1,A,B,A,C,NULL,A
86,2022-10-06,29,8.00,9.00,0,A,B,A,A,NULL,A
87,2022-10-06,35,2.05,2.06,1,C,B,C,A,B,E
88,2022-10-06,44,2.05,2.06,1,C,B,B,A,A,E
89,2022-10-06,34,2.05,2.06,0,A,A,A,A,A,D
90,2022-10-06,37,2.05,2.06,0,B,A,B,A,C,E
91,2022-10-06,33,2.05,2.06,0,B,B,C,A,C,E
93,2022-10-06,42,5.04,NULL,0,A,A,A,B,NULL,A
94,2022-10-06,41,5.04,NULL,0,A,B,C,B,NULL,C
95,2022-10-06,45,5.04,NULL,1,B,C,B,C,NULL,B
96,2022-10-07,15,5.06,NULL,NULL,A,A,A,A,A,A
97,2022-10-07,13,5.06,NULL,NULL,A,A,A,A,B,A
98,2022-10-07,14,5.06,NULL,NULL,B,B,C,B,C,A
99,2022-10-07,12,5.06,NULL,NULL,B,B,B,B,C,C
100,2022-10-07,16,5.06,NULL,NULL,A,A,B,A,B,E
101,2022-10-07,9,1.00,NULL,NULL,A,A,B,A,A,A
102,2022-10-07,10,1.00,NULL,NULL,B,C,B,A,C,E
103,2022-10-07,8,1.00,NULL,NULL,A,A,A,B,E,A
104,2022-10-08,11,5.07,NULL,NULL,A,A,A,A,A,NULL
105,2022-10-08,15,5.07,NULL,NULL,A,A,A,B,B,NULL
106,2022-10-08,13,5.07,NULL,NULL,A,A,A,A,A,NULL
107,2022-10-08,14,5.07,NULL,NULL,B,C,C,B,D,NULL
108,2022-10-08,16,5.07,NULL,NULL,A,A,A,B,C,NULL
109,2022-10-08,20,6.07,6.08,1,C,C,E,D,D,NULL
110,2022-10-08,17,6.07,6.08,1,B,B,B,B,B,NULL
111,2022-10-08,21,6.07,6.08,1,A,A,B,B,A,NULL
112,2022-10-09,1,2.02,NULL,NULL,A,A,A,A,NULL,E
113,2022-10-09,2,2.02,NULL,NULL,A,A,A,A,NULL,B
114,2022-10-09,26,3.08,NULL,0,A,A,B,B,A,B
115,2022-10-09,22,3.08,NULL,1,B,B,A,B,A,B
116,2022-10-09,25,3.08,NULL,1,C,C,C,C,B,B
117,2022-10-09,24,3.08,NULL,0,A,A,A,A,A,A
118,2022-10-09,27,3.08,NULL,1,A,A,A,A,A,A
119,2022-10-12,1,2.04,NULL,NULL,A,A,A,A,NULL,C
120,2022-10-12,5,2.04,NULL,NULL,A,A,A,B,NULL,A
121,2022-10-12,3,2.04,NULL,NULL,A,A,A,A,NULL,A
122,2022-10-12,2,2.04,NULL,NULL,A,A,A,B,NULL,A
123,2022-10-12,9,1.00,NULL,NULL,A,A,B,A,NULL,A
125,2022-10-12,8,1.00,NULL,NULL,A,A,A,A,NULL,A
126,2022-10-12,7,1.00,NULL,NULL,A,A,B,C,NULL,C
127,2022-10-12,10,1.00,NULL,NULL,B,C,B,C,NULL,E
128,2022-10-12,50,4.00,4.00,NULL,C,C,B,D,E,NULL
129,2022-10-12,46,4.00,4.00,NULL,B,B,A,B,C,NULL
130,2022-10-12,48,4.00,4.00,NULL,A,B,A,B,C,NULL
131,2022-10-12,47,4.00,4.00,NULL,A,A,B,B,C,NULL
132,2022-10-12,49,4.00,4.00,NULL,A,A,A,A,A,NULL
133,2022-10-12,51,4.00,4.00,NULL,D,D,D,D,E,NULL
134,2022-10-13,15,5.00,NULL,NULL,A,A,A,A,NULL,A
135,2022-10-13,11,5.00,NULL,NULL,A,A,A,A,NULL,A
136,2022-10-13,13,5.00,NULL,NULL,A,B,A,A,NULL,A
137,2022-10-13,14,5.00,NULL,NULL,A,B,B,B,NULL,A
138,2022-10-13,16,5.00,NULL,NULL,A,A,A,A,NULL,C
139,2022-10-13,12,5.00,NULL,NULL,A,B,B,B,NULL,B
140,2022-10-13,21,6.09,6.10,1,A,A,B,NULL,NULL,C
141,2022-10-13,43,6.09,6.10,1,A,A,C,NULL,NULL,D
142,2022-10-13,18,6.09,6.10,0,B,B,B,NULL,NULL,D
143,2022-10-13,20,6.09,6.10,0,C,C,C,NULL,NULL,D
144,2022-10-14,2,2.05,NULL,NULL,A,A,A,A,A,A
145,2022-10-14,5,2.05,NULL,NULL,A,A,A,A,A,A
146,2022-10-14,1,2.05,NULL,NULL,A,A,A,A,B,C
147,2022-10-14,3,2.05,NULL,NULL,A,A,A,A,A,A
148,2022-10-14,24,3.00,3.00,1,A,A,B,B,NULL,C
149,2022-10-14,27,3.00,3.00,1,A,A,B,A,NULL,B
150,2022-10-14,25,3.00,3.00,1,B,C,C,C,NULL,C
151,2022-10-14,22,3.00,3.00,1,B,B,A,A,NULL,A
152,2022-10-14,26,3.00,3.00,1,A,A,A,B,NULL,C
153,2022-10-15,30,0.00,0.00,1,A,B,A,A,NULL,B
154,2022-10-15,32,0.00,0.00,0,B,C,A,B,NULL,C
155,2022-10-15,29,0.00,0.00,1,A,A,A,A,NULL,A
156,2022-10-15,35,2.06,2.07,NULL,C,C,C,A,D,D
157,2022-10-15,37,2.06,2.07,NULL,B,B,C,A,D,E
158,2022-10-15,34,2.06,2.07,NULL,A,A,A,A,A,C
159,2022-10-15,36,2.06,2.07,NULL,A,A,A,A,B,C
160,2022-10-15,33,2.06,2.07,NULL,A,C,D,A,D,NULL
162,2022-10-15,40,0.00,0.00,0,A,B,C,B,A,B
163,2022-10-15,41,5.05,5.05,1,D,D,D,NULL,NULL,D
164,2022-10-15,42,5.05,5.05,NULL,A,A,B,NULL,NULL,A
165,2022-10-15,45,5.05,5.05,1,B,C,B,NULL,NULL,C
166,2022-10-16,13,5.00,NULL,NULL,A,B,A,A,C,A
167,2022-10-16,16,5.00,NULL,NULL,A,B,B,A,C,B
168,2022-10-16,12,5.00,NULL,NULL,A,B,B,A,C,A
169,2022-10-16,11,5.00,NULL,NULL,A,B,A,A,B,A
170,2022-10-16,15,5.00,NULL,NULL,A,B,A,A,A,A
172,2022-10-16,8,2.01,NULL,NULL,A,A,A,A,A,A
173,2022-10-16,9,2.01,NULL,NULL,A,A,B,A,A,A
174,2022-10-16,7,2.01,NULL,NULL,A,A,A,A,A,C
175,2022-10-16,10,2.01,NULL,NULL,C,B,B,A,C,NULL
176,2022-10-19,2,2.50,NULL,NULL,A,B,B,B,NULL,A
177,2022-10-19,3,2.50,NULL,NULL,A,A,A,B,NULL,A
178,2022-10-19,5,2.50,NULL,NULL,A,B,B,A,NULL,A
179,2022-10-19,1,2.50,NULL,NULL,A,B,B,A,NULL,C
181,2022-10-19,9,2.02,NULL,NULL,A,A,B,A,A,A
182,2022-10-19,10,2.02,NULL,NULL,B,B,B,B,B,C
183,2022-10-19,8,2.02,NULL,NULL,A,A,A,A,A,A
184,2022-10-19,7,2.02,NULL,NULL,A,A,B,A,A,A
185,2022-10-19,50,5.01,5.02,NULL,B,C,A,B,NULL,B
186,2022-10-19,48,5.01,5.02,NULL,A,B,B,A,NULL,A
187,2022-10-19,46,5.01,5.02,NULL,A,A,B,A,NULL,A
188,2022-10-19,47,5.01,5.02,NULL,A,B,B,B,NULL,B
189,2022-10-19,49,5.01,5.02,NULL,A,A,A,A,NULL,A
190,2022-10-19,51,5.01,5.02,NULL,B,A,B,B,NULL,C
191,2022-10-20,16,6.01,NULL,NULL,A,A,A,B,NULL,C
192,2022-10-20,13,6.01,NULL,NULL,A,A,A,A,NULL,A
193,2022-10-20,14,6.01,NULL,NULL,A,B,A,B,NULL,A
194,2022-10-20,15,6.01,NULL,NULL,A,A,A,B,NULL,A
195,2022-10-20,12,6.01,NULL,NULL,A,B,A,B,NULL,A
196,2022-10-20,11,6.01,NULL,NULL,A,A,A,B,NULL,A
197,2022-10-20,17,7.01,7.02,0,B,B,A,NULL,B,B
198,2022-10-20,20,7.01,7.02,0,C,D,D,NULL,D,C
199,2022-10-20,18,7.01,7.02,1,B,B,C,NULL,B,B
200,2022-10-20,21,7.01,7.02,0,A,A,B,NULL,A,A
201,2022-10-21,3,2.06,NULL,NULL,A,A,A,A,NULL,A
202,2022-10-21,1,2.06,NULL,NULL,A,A,A,A,NULL,C
203,2022-10-21,5,2.06,NULL,NULL,A,A,A,A,NULL,A
204,2022-10-21,2,2.06,NULL,NULL,A,A,A,A,NULL,A
205,2022-10-21,26,4.01,4.01,1,A,A,B,A,A,B
206,2022-10-21,24,4.01,4.01,1,A,A,A,A,A,C
207,2022-10-21,22,4.01,4.01,1,A,A,A,A,A,A
208,2022-10-21,25,4.01,4.01,1,B,B,B,B,A,B
209,2022-10-21,27,4.01,4.01,1,A,A,A,A,A,A
210,2022-10-22,28,0.01,0.01,1,A,A,C,A,NULL,B
211,2022-10-22,29,0.01,0.01,1,A,A,A,A,NULL,A
212,2022-10-22,32,0.01,0.01,0,A,B,B,B,NULL,C
213,2022-10-22,36,2.08,2.09,0,A,A,A,A,A,C
214,2022-10-22,37,2.08,2.09,0,B,B,B,A,A,D
215,2022-10-22,44,2.08,2.09,0,A,A,A,A,A,C
216,2022-10-22,35,2.08,2.09,0,B,B,C,A,A,D
217,2022-10-22,34,2.08,2.09,0,A,A,A,A,A,A
218,2022-10-22,33,2.08,2.09,0,A,B,C,B,C,C
219,2022-10-22,38,7.00,8.00,NULL,A,B,A,B,NULL,B
220,2022-10-22,40,7.00,8.00,1,A,A,A,B,NULL,C
221,2022-10-22,42,5.06,5.07,NULL,A,B,B,C,A,NULL
222,2022-10-22,41,5.06,5.07,0,A,C,D,C,C,NULL
223,2022-10-22,52,5.06,5.07,NULL,A,A,A,NULL,A,NULL
224,2022-10-22,45,5.06,5.07,0,C,B,B,NULL,C,NULL
225,2022-10-22,53,5.06,5.07,NULL,A,B,B,NULL,B,NULL
226,2022-10-23,15,6.02,NULL,NULL,A,A,A,A,NULL,A
227,2022-10-23,13,6.02,NULL,NULL,A,A,A,A,NULL,A
228,2022-10-23,14,6.02,NULL,NULL,A,A,A,B,NULL,B
229,2022-10-23,12,6.02,NULL,NULL,A,B,A,B,NULL,B
230,2022-10-23,16,6.02,NULL,NULL,A,B,A,A,NULL,A
231,2022-10-23,11,6.02,NULL,NULL,A,A,A,A,NULL,A
232,2022-10-23,8,2.03,NULL,NULL,A,A,A,A,NULL,A
233,2022-10-23,9,2.03,NULL,NULL,A,A,A,A,NULL,B
234,2022-10-23,7,2.03,NULL,NULL,A,A,B,B,NULL,C
235,2022-10-23,10,2.03,NULL,NULL,B,B,A,B,NULL,C
236,2022-10-26,2,2.07,NULL,NULL,A,A,A,B,A,A
237,2022-10-26,3,2.07,NULL,NULL,A,A,A,A,B,A
238,2022-10-26,5,2.07,NULL,NULL,A,A,A,B,A,A
239,2022-10-26,5,2.07,NULL,NULL,A,A,A,A,B,C
241,2022-10-26,8,2.05,NULL,NULL,A,A,A,A,NULL,A
242,2022-10-26,9,2.05,NULL,NULL,A,A,A,A,NULL,A
243,2022-10-26,7,2.05,NULL,NULL,A,A,B,B,NULL,C
244,2022-10-26,54,2.05,NULL,NULL,C,C,D,NULL,NULL,C
245,2022-10-26,10,2.05,NULL,NULL,B,B,A,B,NULL,C
246,2022-10-26,49,5.03,5.04,NULL,A,A,A,A,A,A
247,2022-10-26,48,5.03,5.04,NULL,A,A,B,A,C,A
248,2022-10-26,50,5.03,5.04,NULL,A,A,A,B,C,A
249,2022-10-26,47,5.03,5.04,NULL,A,B,B,B,C,A
250,2022-10-26,51,5.03,5.04,NULL,A,B,C,C,C,D
251,2022-10-26,46,5.03,5.04,NULL,A,A,A,B,C,A
252,2022-10-27,11,6.02,NULL,NULL,A,A,A,A,NULL,A
253,2022-10-27,15,6.02,NULL,NULL,A,B,A,A,NULL,A
254,2022-10-27,14,6.02,NULL,NULL,A,B,A,C,NULL,A
255,2022-10-27,13,6.02,NULL,NULL,A,B,A,A,NULL,A
256,2022-10-27,16,6.02,NULL,NULL,A,A,A,A,NULL,A
257,2022-10-27,12,6.02,NULL,NULL,A,B,A,B,NULL,B
258,2022-10-27,21,6.03,6.04,1,A,C,B,NULL,A,NULL
259,2022-10-27,17,6.03,6.04,0,A,C,A,NULL,B,NULL
260,2022-10-27,20,6.03,6.04,0,B,C,C,NULL,C,NULL
261,2022-10-27,18,6.03,6.04,1,A,B,B,NULL,A,NULL
262,2022-10-28,1,2.00,NULL,NULL,A,A,A,A,E,B
263,2022-10-28,5,2.00,NULL,NULL,A,A,A,A,B,A
264,2022-10-28,3,2.00,NULL,NULL,A,A,A,A,A,A
265,2022-10-28,2,2.00,NULL,NULL,A,A,A,B,A,A
266,2022-10-28,25,4.01,4.02,1,C,C,B,C,B,NULL
267,2022-10-28,27,4.01,4.02,1,A,A,B,A,A,NULL
268,2022-10-28,24,4.01,4.02,1,A,A,A,A,C,NULL
269,2022-10-28,26,4.01,4.02,1,A,A,B,A,A,NULL
270,2022-10-28,22,4.01,4.02,1,A,B,A,A,A,NULL
271,2022-10-29,30,1.01,1.01,NULL,A,A,A,A,A,A
272,2022-10-29,28,1.01,1.01,1,A,A,B,A,A,C
273,2022-10-29,32,1.01,1.01,1,B,B,A,B,B,C
274,2022-10-29,29,1.01,1.01,1,A,A,A,A,A,C
275,2022-10-29,44,3.01,3.02,1,A,A,A,B,A,B
276,2022-10-29,37,3.01,3.02,0,B,B,B,B,C,A
277,2022-10-29,35,3.01,3.02,1,C,C,B,B,C,C
278,2022-10-29,36,3.01,3.02,0,A,A,A,A,A,A
279,2022-10-29,34,3.01,3.02,0,A,A,A,A,A,A
280,2022-10-29,33,3.01,3.02,1,A,B,B,A,C,B
281,2022-10-29,38,0.00,0.00,1,A,B,A,A,NULL,NULL
282,2022-10-29,40,0.00,0.00,1,A,A,A,A,NULL,NULL
283,2022-10-29,42,5.08,5.09,0,A,C,A,C,A,NULL
284,2022-10-29,41,5.08,5.09,0,B,C,B,C,B,NULL
285,2022-10-29,52,5.08,5.09,1,A,B,B,C,A,NULL
286,2022-10-29,53,5.08,5.09,1,A,B,A,B,A,NULL
287,2022-10-29,45,5.08,5.09,0,B,C,A,C,C,NULL
288,2022-10-30,12,6.03,NULL,NULL,A,B,A,B,NULL,B
289,2022-10-30,13,6.03,NULL,NULL,A,A,A,A,NULL,A
290,2022-10-30,11,6.03,NULL,NULL,A,A,B,B,NULL,A
291,2022-10-30,14,6.03,NULL,NULL,A,B,B,B,NULL,A
292,2022-10-30,15,6.03,NULL,NULL,A,A,A,B,NULL,A
293,2022-10-30,16,6.03,NULL,NULL,A,A,A,B,NULL,A
295,2022-10-30,9,2.06,NULL,NULL,A,A,A,A,A,A
296,2022-10-30,7,2.06,NULL,NULL,A,B,B,B,A,A
297,2022-10-30,54,2.06,NULL,NULL,B,B,B,C,A,C
298,2022-10-30,10,2.06,NULL,NULL,B,B,A,C,B,C
299,2022-10-30,8,2.06,NULL,NULL,A,A,A,B,A,A
300,2022-11-02,2,3.01,NULL,NULL,A,B,A,A,B,A
301,2022-11-02,5,3.01,NULL,NULL,A,B,B,A,B,A
302,2022-11-02,3,3.01,NULL,NULL,A,A,A,A,A,A
303,2022-11-02,1,3.01,NULL,NULL,A,A,B,A,C,C
304,2022-11-02,54,2.08,NULL,NULL,C,C,C,A,NULL,C
305,2022-11-02,8,2.08,NULL,NULL,A,A,A,A,NULL,A
306,2022-11-02,9,2.08,NULL,NULL,A,A,B,A,NULL,A
308,2022-11-02,10,2.08,NULL,NULL,B,C,A,B,NULL,C
309,2022-11-02,7,2.08,NULL,NULL,A,A,B,A,NULL,A
310,2022-11-02,49,5.06,5.06,NULL,A,A,A,A,A,A
311,2022-11-02,48,5.06,5.06,NULL,A,A,B,B,C,B
312,2022-11-02,50,5.06,5.06,NULL,A,A,A,B,C,B
313,2022-11-02,46,5.06,5.06,NULL,A,A,B,B,D,D
314,2022-11-02,51,5.06,5.06,NULL,B,B,D,D,E,E
315,2022-11-02,47,5.06,5.06,NULL,A,B,B,B,D,D
316,2022-11-03,13,6.05,NULL,NULL,A,A,A,A,A,A
317,2022-11-03,15,6.05,NULL,NULL,A,A,A,B,A,A
318,2022-11-03,11,6.05,NULL,NULL,A,A,B,A,A,A
319,2022-11-03,12,6.05,NULL,NULL,A,B,B,C,B,A
320,2022-11-03,14,6.05,NULL,NULL,A,B,B,C,B,A
321,2022-11-03,16,6.05,NULL,NULL,A,A,A,A,A,C
322,2022-11-03,20,7.05,7.05,1,B,B,B,B,B,A
323,2022-11-03,18,7.05,7.05,0,A,A,B,B,A,A
324,2022-11-03,21,7.05,7.05,0,A,A,A,B,A,A
325,2022-11-03,43,7.05,7.05,0,B,C,B,C,B,B
326,2022-11-03,17,7.05,7.05,0,B,C,A,B,A,A
327,2022-11-04,2,3.02,NULL,NULL,A,A,A,A,NULL,A
328,2022-11-04,3,3.02,NULL,NULL,A,A,A,A,NULL,A
329,2022-11-04,5,3.02,NULL,NULL,A,A,A,B,NULL,B
330,2022-11-04,1,3.02,NULL,NULL,A,A,A,A,NULL,C
331,2022-11-04,25,4.03,4.03,1,C,C,B,C,A,A
332,2022-11-04,22,4.03,4.03,1,A,B,A,A,A,A
333,2022-11-04,24,4.03,4.03,1,A,A,A,A,A,A
334,2022-11-04,26,4.03,4.03,1,A,B,B,B,A,B
335,2022-11-05,28,1.02,1.03,1,A,A,B,A,A,A
336,2022-11-05,32,1.02,1.03,1,B,B,C,B,B,C
337,2022-11-05,29,1.02,1.03,1,A,A,A,A,A,A
338,2022-11-05,30,1.02,1.03,1,A,A,A,A,A,A
339,2022-11-05,33,3.03,3.04,1,A,A,A,A,B,B
340,2022-11-05,36,3.03,3.04,0,A,A,A,A,A,A
341,2022-11-05,35,3.03,3.04,1,C,B,B,A,B,B
342,2022-11-05,34,3.03,3.04,1,A,A,A,A,A,A
343,2022-11-05,44,3.03,3.04,0,B,A,A,A,A,A
344,2022-11-05,37,3.03,3.04,0,B,A,B,B,B,B
345,2022-11-05,38,1.01,1.02,1,A,A,A,A,B,NULL
346,2022-11-05,40,1.01,1.02,1,A,A,A,B,B,NULL
347,2022-11-05,41,10.01,10.02,0,A,A,D,B,A,D
348,2022-11-05,42,10.01,10.02,0,A,A,A,A,A,A
349,2022-11-05,52,10.01,10.02,0,A,A,B,A,A,A
350,2022-11-05,55,10.01,10.02,NULL,B,C,C,A,C,C
351,2022-11-05,53,10.01,10.02,0,A,B,B,B,B,B
352,2022-11-06,15,6.06,NULL,NULL,A,A,A,B,A,A
353,2022-11-06,12,6.06,NULL,NULL,A,B,A,C,C,A
354,2022-11-06,13,6.06,NULL,NULL,A,A,A,B,A,A
355,2022-11-06,11,6.06,NULL,NULL,A,A,A,B,A,A
356,2022-11-06,14,6.06,NULL,NULL,A,B,B,C,C,A
357,2022-11-06,54,2.00,NULL,NULL,B,B,A,B,C,C
358,2022-11-06,10,2.00,NULL,NULL,B,B,A,B,C,C
359,2022-11-06,7,2.00,NULL,NULL,A,A,A,A,A,A
360,2022-11-06,10,2.00,NULL,NULL,A,A,B,A,A,A
361,2022-11-06,8,2.00,NULL,NULL,A,A,A,A,B,A
362,2022-11-09,3,3.03,NULL,NULL,A,A,A,A,A,A
363,2022-11-09,5,3.03,NULL,NULL,A,A,A,A,B,A
364,2022-11-09,1,3.03,NULL,NULL,A,A,A,A,C,C
365,2022-11-09,54,2.00,NULL,NULL,B,C,A,C,C,C
366,2022-11-09,10,2.00,NULL,NULL,B,B,A,B,C,C
367,2022-11-09,9,2.00,NULL,NULL,A,A,A,A,A,A
368,2022-11-09,7,2.00,NULL,NULL,A,A,A,A,A,A
369,2022-11-09,8,2.00,NULL,NULL,A,A,A,A,A,A
370,2022-11-09,46,5.05,5.06,NULL,B,B,C,B,C,B
371,2022-11-09,47,5.05,5.06,NULL,B,B,C,C,C,C
372,2022-11-09,49,5.05,5.06,NULL,A,A,A,A,A,A
373,2022-11-09,48,5.05,5.06,NULL,A,A,A,B,B,A
374,2022-11-09,50,5.05,5.06,NULL,A,A,A,B,B,A
375,2022-11-09,51,5.05,5.06,NULL,A,C,B,B,C,C
376,2022-11-10,12,6.07,NULL,NULL,B,B,B,A,C,A
377,2022-11-10,13,6.07,NULL,NULL,A,A,A,A,B,A
378,2022-11-10,16,6.07,NULL,NULL,A,A,A,A,C,B
379,2022-11-10,15,6.07,NULL,NULL,A,A,A,A,A,A
380,2022-11-10,11,6.07,NULL,NULL,A,A,A,A,A,A
381,2022-11-10,18,7.06,7.07,0,A,A,C,C,A,A
382,2022-11-10,20,7.06,7.07,0,B,C,C,C,C,A
383,2022-11-10,21,7.06,7.07,0,A,A,A,B,A,B
384,2022-11-10,43,7.06,7.07,1,A,B,A,A,B,C
385,2022-11-10,17,7.06,7.07,0,A,B,A,A,B,C
386,2022-11-11,5,3.04,NULL,NULL,A,A,B,A,A,B
387,2022-11-11,3,3.04,NULL,NULL,A,A,A,A,A,A
388,2022-11-11,1,3.04,NULL,NULL,A,A,A,A,B,B
389,2022-11-11,25,4.04,4.04,1,C,C,B,B,B,A
390,2022-11-11,27,4.04,4.04,0,A,A,C,A,A,A
391,2022-11-11,26,4.04,4.04,1,A,B,A,A,A,A
392,2022-11-11,24,4.04,4.04,1,A,A,A,A,A,A
393,2022-11-11,22,4.04,4.04,1,A,B,B,A,A,A
394,2022-11-12,30,1.04,1.04,1,A,B,C,A,A,A
395,2022-11-12,28,1.04,1.04,1,A,A,A,A,A,A
396,2022-11-12,29,1.04,1.04,1,A,A,A,A,A,A
397,2022-11-12,32,1.04,1.04,1,A,B,A,B,B,B
398,2022-11-12,33,3.05,3.06,1,A,A,B,A,A,A
399,2022-11-12,44,3.05,3.06,1,A,A,A,A,A,A
400,2022-11-12,37,3.05,3.06,0,A,B,C,A,B,C
401,2022-11-12,35,3.05,3.06,1,C,C,C,A,C,C
402,2022-11-12,34,3.05,3.06,1,A,A,A,A,A,A
403,2022-11-12,36,3.05,3.06,1,A,A,A,A,A,A
404,2022-11-12,38,1.06,1.07,1,A,A,A,A,A,A
405,2022-11-12,40,1.06,1.07,1,A,A,A,A,A,A
406,2022-11-12,55,10.06,10.07,0,A,B,B,B,C,C
407,2022-11-12,52,10.06,10.07,1,A,A,A,A,A,A
408,2022-11-12,42,10.06,10.07,1,A,B,A,A,A,A
409,2022-11-12,41,10.06,10.07,0,A,A,C,B,A,B
410,2022-11-13,16,6.07,NULL,NULL,A,A,A,B,A,A
411,2022-11-13,13,6.07,NULL,NULL,A,A,A,A,A,A
412,2022-11-13,14,6.07,NULL,NULL,A,B,A,A,A,A
413,2022-11-13,12,6.07,NULL,NULL,A,B,A,A,A,A
414,2022-11-13,11,6.07,NULL,NULL,A,B,A,A,A,A
415,2022-11-13,15,6.07,NULL,NULL,A,A,A,A,A,A
416,2022-11-13,8,3.01,NULL,NULL,A,B,A,A,A,A
417,2022-11-13,7,3.01,NULL,NULL,A,A,A,A,A,A
418,2022-11-13,9,3.01,NULL,NULL,A,B,A,A,A,A
419,2022-11-16,2,3.05,NULL,NULL,A,A,B,B,B,A
420,2022-11-16,1,3.05,NULL,NULL,A,A,B,A,C,B
421,2022-11-16,3,3.05,NULL,NULL,A,A,A,A,A,A
422,2022-11-16,5,3.05,NULL,NULL,A,A,B,B,B,A
423,2022-11-16,56,3.05,NULL,NULL,A,A,A,A,A,A
424,2022-11-16,10,3.03,NULL,NULL,B,B,B,B,B,C
425,2022-11-16,7,3.03,NULL,NULL,A,A,A,A,A,A
426,2022-11-16,8,3.03,NULL,NULL,A,A,A,A,A,A
427,2022-11-16,54,3.03,NULL,NULL,B,C,C,B,B,B
428,2022-11-16,9,3.03,NULL,NULL,A,A,B,A,A,A
429,2022-11-16,49,5.07,5.00,NULL,A,A,A,A,A,A
430,2022-11-16,50,5.07,5.00,NULL,A,A,A,A,C,A
431,2022-11-16,48,5.07,5.00,NULL,A,A,A,A,B,A
432,2022-11-16,51,5.07,5.00,NULL,B,B,D,C,E,E
433,2022-11-16,47,5.07,5.00,NULL,A,B,C,B,C,A
434,2022-11-16,46,5.07,5.00,NULL,A,B,B,B,C,A
435,2022-11-17,14,6.00,NULL,NULL,A,B,B,B,C,A
436,2022-11-17,13,6.00,NULL,NULL,A,A,A,A,B,A
437,2022-11-17,12,6.00,NULL,NULL,B,B,A,B,C,A
438,2022-11-17,11,6.00,NULL,NULL,A,A,A,A,A,A
439,2022-11-17,15,6.00,NULL,NULL,A,A,A,A,A,A
440,2022-11-17,16,6.00,NULL,NULL,A,A,A,A,B,A
441,2022-11-17,17,7.08,7.09,1,A,C,A,A,A,A
442,2022-11-17,43,7.08,7.09,1,A,B,C,A,A,A
443,2022-11-17,20,7.08,7.09,1,B,B,B,B,B,B
444,2022-11-17,18,7.08,7.09,1,A,A,C,A,A,A
445,2022-11-18,1,3.06,NULL,NULL,A,B,C,A,NULL,B
446,2022-11-18,56,3.06,NULL,NULL,A,A,A,A,NULL,A
447,2022-11-18,3,3.06,NULL,NULL,A,A,A,A,NULL,A
448,2022-11-18,2,3.06,NULL,NULL,A,A,B,B,NULL,A
449,2022-11-18,5,3.06,NULL,NULL,A,A,B,A,NULL,A
450,2022-11-18,22,4.05,4.05,1,A,B,A,A,A,A
451,2022-11-18,27,4.05,4.05,0,A,A,B,A,A,A
452,2022-11-18,25,4.05,4.05,1,B,B,B,B,A,B
453,2022-11-18,24,4.05,4.05,1,A,B,A,A,A,C
454,2022-11-18,26,4.05,4.05,1,A,A,A,A,A,A
455,2022-11-19,29,1.05,1.05,1,A,A,A,A,A,A
456,2022-11-19,32,1.05,1.05,1,B,C,C,B,A,B
457,2022-11-19,28,1.05,1.05,1,A,A,A,A,A,A
458,2022-11-19,30,1.05,1.05,1,A,A,A,A,A,A
459,2022-11-19,35,3.07,3.08,1,C,B,C,B,B,C
460,2022-11-19,36,3.07,3.08,0,A,A,A,A,A,A
461,2022-11-19,44,3.07,3.08,1,A,A,A,A,A,A
462,2022-11-19,37,3.07,3.08,0,A,B,A,A,A,C
463,2022-11-19,34,3.07,3.08,0,A,A,A,A,A,A
464,2022-11-19,33,3.07,3.08,0,A,A,A,A,A,A
465,2022-11-19,55,10.08,10.09,0,A,B,B,B,B,B
466,2022-11-19,52,10.08,10.09,1,A,A,A,A,A,A
467,2022-11-19,41,10.08,10.09,0,A,A,C,C,B,B
468,2022-11-19,42,10.08,10.09,0,A,A,B,A,A,A
469,2022-11-19,45,10.08,10.09,0,B,C,B,C,C,B
470,2022-11-20,14,6.00,NULL,NULL,B,C,B,C,C,A
471,2022-11-20,12,6.00,NULL,NULL,B,B,B,C,C,B
472,2022-11-20,11,6.00,NULL,NULL,A,A,A,B,B,A
473,2022-11-20,16,6.00,NULL,NULL,A,A,A,A,B,B
474,2022-11-20,15,6.00,NULL,NULL,A,A,A,A,A,A
475,2022-11-20,7,3.03,NULL,NULL,A,A,A,A,A,A
476,2022-11-20,9,3.03,NULL,NULL,A,A,A,A,A,A
477,2022-11-20,54,3.03,NULL,NULL,B,A,B,B,C,B
478,2022-11-23,5,3.00,NULL,NULL,A,B,A,B,NULL,A
479,2022-11-23,56,3.00,NULL,NULL,A,B,A,A,NULL,A
480,2022-11-23,2,3.00,NULL,NULL,A,B,A,A,NULL,A
481,2022-11-23,1,3.00,NULL,NULL,A,A,A,A,NULL,C
482,2022-11-23,9,3.04,NULL,NULL,A,A,A,A,A,A
483,2022-11-23,8,3.04,NULL,NULL,A,A,A,A,A,A
484,2022-11-23,54,3.04,NULL,NULL,B,B,B,B,B,A
485,2022-11-23,7,3.04,NULL,NULL,A,A,A,A,A,A
486,2022-11-23,47,5.00,6.01,NULL,A,A,A,A,C,C
487,2022-11-24,14,7.00,NULL,NULL,B,B,B,C,B,A
488,2022-11-24,11,7.00,NULL,NULL,A,A,A,A,A,A
489,2022-11-24,16,7.00,NULL,NULL,A,A,A,A,A,A
490,2022-11-24,12,7.00,NULL,NULL,B,A,A,B,A,A
491,2022-11-24,17,8.01,8.02,1,A,B,A,A,A,A
492,2022-11-24,18,8.01,8.02,0,A,B,B,A,A,A
493,2022-11-24,20,8.01,8.02,0,B,C,B,B,C,A
494,2022-12-03,28,1.06,1.06,1,A,A,A,A,A,B
495,2022-12-03,32,1.06,1.06,0,B,C,B,A,A,B
496,2022-12-03,29,1.06,1.06,1,A,A,A,A,A,A
497,2022-12-03,44,3.08,4.01,0,A,A,A,A,A,C
498,2022-12-03,37,3.08,4.01,0,B,B,B,B,C,E
499,2022-12-03,33,3.08,4.01,0,A,A,A,A,A,D
500,2022-12-03,36,3.08,4.01,0,A,A,A,A,A,B
501,2022-12-03,38,1.07,1.08,0,A,B,A,A,A,A
502,2022-12-03,40,1.07,1.08,0,A,B,A,A,A,A
503,2022-12-03,55,10.00,5.02,0,C,C,B,C,B,C
504,2022-12-03,42,10.00,5.02,0,A,A,A,A,A,A
505,2022-12-03,52,10.00,5.02,0,A,A,A,A,A,A
506,2022-12-04,13,7.02,NULL,NULL,A,B,A,A,B,A
507,2022-12-04,16,7.02,NULL,NULL,A,A,A,A,A,A
508,2022-12-04,15,7.02,NULL,NULL,A,B,A,C,A,A
509,2022-12-04,11,7.02,NULL,NULL,A,B,A,A,A,A
510,2022-12-04,12,7.02,NULL,NULL,B,B,B,C,B,A
511,2022-12-04,8,3.06,NULL,NULL,A,A,A,A,A,A
512,2022-12-04,7,3.06,NULL,NULL,A,A,A,A,A,B
513,2022-12-04,10,3.06,NULL,NULL,B,B,B,C,C,E
514,2022-12-04,54,3.06,NULL,NULL,B,B,A,B,C,D
515,2022-12-04,9,3.06,NULL,NULL,A,A,A,A,A,A
516,2022-12-07,2,3.00,NULL,NULL,B,B,A,C,A,A
517,2022-12-07,56,3.00,NULL,NULL,A,A,A,B,A,A
518,2022-12-07,1,3.00,NULL,NULL,A,A,A,B,C,C
519,2022-12-07,5,3.00,NULL,NULL,A,A,A,B,A,A
520,2022-12-07,54,3.06,NULL,NULL,B,B,B,C,NULL,A
521,2022-12-07,9,3.06,NULL,NULL,A,A,A,A,NULL,A
522,2022-12-07,8,3.06,NULL,NULL,A,A,A,B,NULL,A
523,2022-12-07,7,3.06,NULL,NULL,A,A,A,B,NULL,A
524,2022-12-07,48,6.01,6.02,NULL,A,B,A,A,B,A
525,2022-12-07,49,6.01,6.02,NULL,A,A,A,A,A,A
526,2022-12-07,47,6.01,6.02,NULL,A,B,B,A,C,C
527,2022-12-08,13,7.03,NULL,NULL,A,A,A,A,A,A
528,2022-12-08,12,7.03,NULL,NULL,A,B,B,B,A,B
529,2022-12-08,14,7.03,NULL,NULL,B,C,B,C,C,A
530,2022-12-08,15,7.03,NULL,NULL,A,A,A,A,A,A
531,2022-12-08,16,7.03,NULL,NULL,A,A,A,A,A,A
532,2022-12-08,11,7.03,NULL,NULL,A,A,A,A,A,A
533,2022-12-08,17,8.03,8.03,0,B,B,A,A,B,A
534,2022-12-08,18,8.03,8.03,0,A,B,B,A,A,A
535,2022-12-08,20,8.03,8.03,0,B,B,A,A,C,A
536,2022-12-09,56,4.01,NULL,NULL,A,A,A,A,A,A
537,2022-12-09,5,4.01,NULL,NULL,A,A,A,B,B,A
538,2022-12-09,1,4.01,NULL,NULL,A,B,A,A,C,C
539,2022-12-09,24,4.06,4.06,1,A,A,A,A,A,A
540,2022-12-09,22,4.06,4.06,1,A,C,A,B,A,A
541,2022-12-10,32,1.07,1.07,1,B,B,A,B,A,A
542,2022-12-10,29,1.07,1.07,1,A,A,A,A,A,A
543,2022-12-10,28,1.07,1.07,1,A,A,B,A,A,B
544,2022-12-10,44,4.02,4.03,1,A,A,A,A,A,A
545,2022-12-10,35,4.02,4.03,0,C,C,C,C,B,B
546,2022-12-10,37,4.02,4.03,1,B,B,A,B,B,A
547,2022-12-10,36,4.02,4.03,1,A,A,A,A,A,A
548,2022-12-10,33,4.02,4.03,1,A,A,A,A,A,B
549,2022-12-10,40,1.09,1.04,1,A,A,A,A,A,A
550,2022-12-10,38,1.09,1.04,1,A,A,A,A,B,A
551,2022-12-10,55,5.03,5.04,1,B,B,B,C,C,B
552,2022-12-10,52,5.03,5.04,1,A,A,A,A,A,A
553,2022-12-10,45,5.03,5.04,0,C,C,B,C,B,B
554,2022-12-11,11,7.04,NULL,NULL,A,A,A,B,A,A
555,2022-12-11,13,7.04,NULL,NULL,A,A,A,B,A,A
556,2022-12-11,16,7.04,NULL,NULL,A,A,A,A,A,A
557,2022-12-11,10,3.00,NULL,NULL,C,C,B,C,C,C
558,2022-12-11,7,3.00,NULL,NULL,A,A,A,B,A,A
559,2022-12-11,9,3.00,NULL,NULL,A,B,A,A,A,A
560,2022-12-11,8,3.00,NULL,NULL,A,B,A,B,A,A
