1,Zack,1,2
2,Benny,1,2
3,Jodi,1,2
5,Howard,1,2
7,Luke,2,1
8,Lacey,2,1
9,Dan,2,1
10,Ed,2,1
11,Aaron,3,3
12,Bob,3,3
13,Eve,3,3
14,Ella,3,3
15,Jeremy,3,3
16,Paul,3,3
17,Eaton,4,2
18,Penny,4,2
20,Ella,4,2
21,Joe,4,2
22,Tyler,5,3
24,Sarah,5,3
25,Bert,5,3
26,Matt,5,3
27,Mark,5,3
28,Chris,6,4
29,Josh,6,4
30,Arty,6,4
32,Eugene,6,4
33,Andrew,7,1
34,Phoenix,7,1
35,Rosy,7,1
36,Tyler,7,1
37,Jane,7,1
38,Anna,8,1
40,Orna,8,1
41,Ivan,9,2
42,Joe,9,2
43,Caleb,4,2
44,Alex,7,1
45,Rick,9,2
46,Marty,10,2
47,Shawn,10,2
48,Kate,10,2
49,Jeff,10,2
50,Tony,10,2
51,Lara,10,2
52,Molly,9,2
53,Mary,9,2
54,Joe,2,1
55,Eliie,9,2
56,Danny,1,2
